CLOCK_PERIOD_NS,MONT_CONDSUB_UNROLL,MONT_INIT_UNROLL,MONT_INNER_UNROLL,MONT_NWORDS,MONT_TARGET_II,MONT_TOTAL_BITS,MONT_WORD_BITS,bram,cios_depth,cios_final_ii,clk_ns,dsp,ff,fmax_mhz,ii_max,ii_min,ii_violation,label,last_depth,last_final_ii,lat_abs_ns,lat_max,lat_min,lut,ok,pipelined_loops,timing_ok
10,0,0,0,16,0,256,16,0,,,2.936,4,1579,340.6,859,859,False,T256_W16_N16_IU0_CS0_IN0_II0_CLK10,1,1,2519.1,858,858,1876,True,"PP_LOOP,RED_LOOP,SUB_LOOP,SEL_LOOP",True
10,0,0,0,16,4,256,16,0,,,2.936,4,1579,340.6,859,859,False,T256_W16_N16_IU0_CS0_IN0_II4_CLK10,1,1,2519.1,858,858,1876,True,"PP_LOOP,RED_LOOP,SUB_LOOP,SEL_LOOP",True
10,0,0,0,16,2,256,16,0,,,2.936,4,1579,340.6,859,859,False,T256_W16_N16_IU0_CS0_IN0_II2_CLK10,1,1,2519.1,858,858,1876,True,"PP_LOOP,RED_LOOP,SUB_LOOP,SEL_LOOP",True
10,0,1,0,16,0,256,16,0,,,2.936,4,1579,340.6,859,859,False,T256_W16_N16_IU0_CS0_IN1_II0_CLK10,1,1,2519.1,858,858,1876,True,"PP_LOOP,RED_LOOP,SUB_LOOP,SEL_LOOP",True
10,1,0,0,16,2,256,16,0,,,7.154,4,1822,139.8,835,835,False,T256_W16_N16_IU0_CS1_IN0_II2_CLK10,5,1,5966.4,834,834,2666,True,"PP_LOOP,RED_LOOP",True
10,1,0,0,16,0,256,16,0,,,7.154,4,1822,139.8,835,835,False,T256_W16_N16_IU0_CS1_IN0_II0_CLK10,5,1,5966.4,834,834,2666,True,"PP_LOOP,RED_LOOP",True
10,0,1,0,16,2,256,16,0,,,2.936,4,1579,340.6,859,859,False,T256_W16_N16_IU0_CS0_IN1_II2_CLK10,1,1,2519.1,858,858,1876,True,"PP_LOOP,RED_LOOP,SUB_LOOP,SEL_LOOP",True
10,0,1,0,16,4,256,16,0,,,2.936,4,1579,340.6,859,859,False,T256_W16_N16_IU0_CS0_IN1_II4_CLK10,1,1,2519.1,858,858,1876,True,"PP_LOOP,RED_LOOP,SUB_LOOP,SEL_LOOP",True
10,1,0,0,16,4,256,16,0,,,7.154,4,1822,139.8,835,835,False,T256_W16_N16_IU0_CS1_IN0_II4_CLK10,5,1,5966.4,834,834,2666,True,"PP_LOOP,RED_LOOP",True
10,1,1,0,16,0,256,16,0,,,7.154,4,1822,139.8,835,835,False,T256_W16_N16_IU0_CS1_IN1_II0_CLK10,5,1,5966.4,834,834,2666,True,"PP_LOOP,RED_LOOP",True
10,1,1,0,16,4,256,16,0,,,7.154,4,1822,139.8,835,835,False,T256_W16_N16_IU0_CS1_IN1_II4_CLK10,5,1,5966.4,834,834,2666,True,"PP_LOOP,RED_LOOP",True
10,1,1,0,16,2,256,16,0,,,7.154,4,1822,139.8,835,835,False,T256_W16_N16_IU0_CS1_IN1_II2_CLK10,5,1,5966.4,834,834,2666,True,"PP_LOOP,RED_LOOP",True
10,0,0,4,16,0,256,16,0,23,5,3.581,33,2144,279.3,150,150,True,T256_W16_N16_IU4_CS0_IN0_II0_CLK10,1,1,533.6,149,149,1877,True,"CIOS_LOOP,SUB_LOOP,SEL_LOOP",True
10,0,0,4,16,2,256,16,0,21,3,5.118,33,1906,195.4,118,118,True,T256_W16_N16_IU4_CS0_IN0_II2_CLK10,1,1,598.8,117,117,1947,True,"CIOS_LOOP,SUB_LOOP,SEL_LOOP",True
10,0,0,4,16,4,256,16,0,22,4,3.581,33,1905,279.3,134,134,False,T256_W16_N16_IU4_CS0_IN0_II4_CLK10,1,1,476.3,133,133,1881,True,"CIOS_LOOP,SUB_LOOP,SEL_LOOP",True
10,0,1,4,16,0,256,16,0,23,5,3.581,33,2144,279.3,150,150,True,T256_W16_N16_IU4_CS0_IN1_II0_CLK10,1,1,533.6,149,149,1877,True,"CIOS_LOOP,SUB_LOOP,SEL_LOOP",True
10,0,1,4,16,2,256,16,0,21,3,5.118,33,1906,195.4,118,118,True,T256_W16_N16_IU4_CS0_IN1_II2_CLK10,1,1,598.8,117,117,1947,True,"CIOS_LOOP,SUB_LOOP,SEL_LOOP",True
10,0,1,4,16,4,256,16,0,22,4,3.581,33,1905,279.3,134,134,False,T256_W16_N16_IU4_CS0_IN1_II4_CLK10,1,1,476.3,133,133,1881,True,"CIOS_LOOP,SUB_LOOP,SEL_LOOP",True
10,1,0,4,16,0,256,16,0,23,5,7.154,33,2190,139.8,119,119,True,T256_W16_N16_IU4_CS1_IN0_II0_CLK10,23,5,844.2,118,118,2506,True,CIOS_LOOP,True
10,1,0,4,16,2,256,16,0,21,3,7.154,33,1952,139.8,87,87,True,T256_W16_N16_IU4_CS1_IN0_II2_CLK10,21,3,615.2,86,86,2576,True,CIOS_LOOP,True
10,1,0,4,16,4,256,16,0,22,4,7.154,33,1951,139.8,103,103,False,T256_W16_N16_IU4_CS1_IN0_II4_CLK10,22,4,729.7,102,102,2510,True,CIOS_LOOP,True
10,1,1,4,16,2,256,16,0,21,3,7.154,33,1952,139.8,87,87,True,T256_W16_N16_IU4_CS1_IN1_II2_CLK10,21,3,615.2,86,86,2576,True,CIOS_LOOP,True
10,1,1,4,16,0,256,16,0,23,5,7.154,33,2190,139.8,119,119,True,T256_W16_N16_IU4_CS1_IN1_II0_CLK10,23,5,844.2,118,118,2506,True,CIOS_LOOP,True
10,1,1,4,16,4,256,16,0,22,4,7.154,33,1951,139.8,103,103,False,T256_W16_N16_IU4_CS1_IN1_II4_CLK10,22,4,729.7,102,102,2510,True,CIOS_LOOP,True
10,0,0,8,16,2,256,16,0,21,3,5.118,33,1906,195.4,118,118,True,T256_W16_N16_IU8_CS0_IN0_II2_CLK10,1,1,598.8,117,117,1947,True,"CIOS_LOOP,SUB_LOOP,SEL_LOOP",True
10,0,0,8,16,0,256,16,0,23,5,3.581,33,2144,279.3,150,150,True,T256_W16_N16_IU8_CS0_IN0_II0_CLK10,1,1,533.6,149,149,1877,True,"CIOS_LOOP,SUB_LOOP,SEL_LOOP",True
10,0,0,8,16,4,256,16,0,22,4,3.581,33,1905,279.3,134,134,False,T256_W16_N16_IU8_CS0_IN0_II4_CLK10,1,1,476.3,133,133,1881,True,"CIOS_LOOP,SUB_LOOP,SEL_LOOP",True
10,0,1,8,16,0,256,16,0,23,5,3.581,33,2144,279.3,150,150,True,T256_W16_N16_IU8_CS0_IN1_II0_CLK10,1,1,533.6,149,149,1877,True,"CIOS_LOOP,SUB_LOOP,SEL_LOOP",True
10,1,0,8,16,2,256,16,0,21,3,7.154,33,1952,139.8,87,87,True,T256_W16_N16_IU8_CS1_IN0_II2_CLK10,21,3,615.2,86,86,2576,True,CIOS_LOOP,True
10,1,0,8,16,0,256,16,0,23,5,7.154,33,2190,139.8,119,119,True,T256_W16_N16_IU8_CS1_IN0_II0_CLK10,23,5,844.2,118,118,2506,True,CIOS_LOOP,True
10,0,1,8,16,2,256,16,0,21,3,5.118,33,1906,195.4,118,118,True,T256_W16_N16_IU8_CS0_IN1_II2_CLK10,1,1,598.8,117,117,1947,True,"CIOS_LOOP,SUB_LOOP,SEL_LOOP",True
10,0,1,8,16,4,256,16,0,22,4,3.581,33,1905,279.3,134,134,False,T256_W16_N16_IU8_CS0_IN1_II4_CLK10,1,1,476.3,133,133,1881,True,"CIOS_LOOP,SUB_LOOP,SEL_LOOP",True
10,1,0,8,16,4,256,16,0,22,4,7.154,33,1951,139.8,103,103,False,T256_W16_N16_IU8_CS1_IN0_II4_CLK10,22,4,729.7,102,102,2510,True,CIOS_LOOP,True
10,1,1,8,16,0,256,16,0,23,5,7.154,33,2190,139.8,119,119,True,T256_W16_N16_IU8_CS1_IN1_II0_CLK10,23,5,844.2,118,118,2506,True,CIOS_LOOP,True
10,1,1,8,16,2,256,16,0,21,3,7.154,33,1952,139.8,87,87,True,T256_W16_N16_IU8_CS1_IN1_II2_CLK10,21,3,615.2,86,86,2576,True,CIOS_LOOP,True
10,1,1,8,16,4,256,16,0,22,4,7.154,33,1951,139.8,103,103,False,T256_W16_N16_IU8_CS1_IN1_II4_CLK10,22,4,729.7,102,102,2510,True,CIOS_LOOP,True
10,0,0,16,16,2,256,16,0,21,3,5.118,33,1906,195.4,118,118,True,T256_W16_N16_IU16_CS0_IN0_II2_CLK10,1,1,598.8,117,117,1947,True,"CIOS_LOOP,SUB_LOOP,SEL_LOOP",True
10,0,0,16,16,0,256,16,0,23,5,3.581,33,2144,279.3,150,150,True,T256_W16_N16_IU16_CS0_IN0_II0_CLK10,1,1,533.6,149,149,1877,True,"CIOS_LOOP,SUB_LOOP,SEL_LOOP",True
10,0,0,16,16,4,256,16,0,22,4,3.581,33,1905,279.3,134,134,False,T256_W16_N16_IU16_CS0_IN0_II4_CLK10,1,1,476.3,133,133,1881,True,"CIOS_LOOP,SUB_LOOP,SEL_LOOP",True
10,0,1,16,16,0,256,16,0,23,5,3.581,33,2144,279.3,150,150,True,T256_W16_N16_IU16_CS0_IN1_II0_CLK10,1,1,533.6,149,149,1877,True,"CIOS_LOOP,SUB_LOOP,SEL_LOOP",True
10,1,0,16,16,0,256,16,0,23,5,7.154,33,2190,139.8,119,119,True,T256_W16_N16_IU16_CS1_IN0_II0_CLK10,23,5,844.2,118,118,2506,True,CIOS_LOOP,True
10,0,1,16,16,4,256,16,0,22,4,3.581,33,1905,279.3,134,134,False,T256_W16_N16_IU16_CS0_IN1_II4_CLK10,1,1,476.3,133,133,1881,True,"CIOS_LOOP,SUB_LOOP,SEL_LOOP",True
10,0,1,16,16,2,256,16,0,21,3,5.118,33,1906,195.4,118,118,True,T256_W16_N16_IU16_CS0_IN1_II2_CLK10,1,1,598.8,117,117,1947,True,"CIOS_LOOP,SUB_LOOP,SEL_LOOP",True
10,1,0,16,16,2,256,16,0,21,3,7.154,33,1952,139.8,87,87,True,T256_W16_N16_IU16_CS1_IN0_II2_CLK10,21,3,615.2,86,86,2576,True,CIOS_LOOP,True
10,1,1,16,16,2,256,16,0,21,3,7.154,33,1952,139.8,87,87,True,T256_W16_N16_IU16_CS1_IN1_II2_CLK10,21,3,615.2,86,86,2576,True,CIOS_LOOP,True
10,1,1,16,16,0,256,16,0,23,5,7.154,33,2190,139.8,119,119,True,T256_W16_N16_IU16_CS1_IN1_II0_CLK10,23,5,844.2,118,118,2506,True,CIOS_LOOP,True
10,1,0,16,16,4,256,16,0,22,4,7.154,33,1951,139.8,103,103,False,T256_W16_N16_IU16_CS1_IN0_II4_CLK10,22,4,729.7,102,102,2510,True,CIOS_LOOP,True
10,1,1,16,16,4,256,16,0,22,4,7.154,33,1951,139.8,103,103,False,T256_W16_N16_IU16_CS1_IN1_II4_CLK10,22,4,729.7,102,102,2510,True,CIOS_LOOP,True
10,0,0,0,8,0,256,32,0,,,6.34,15,1570,157.7,235,235,False,T256_W32_N8_IU0_CS0_IN0_II0_CLK10,1,1,1483.6,234,234,1521,True,"PP_LOOP,RED_LOOP,SUB_LOOP,SEL_LOOP",True
10,0,0,0,8,2,256,32,0,,,6.34,15,1570,157.7,235,235,False,T256_W32_N8_IU0_CS0_IN0_II2_CLK10,1,1,1483.6,234,234,1521,True,"PP_LOOP,RED_LOOP,SUB_LOOP,SEL_LOOP",True
10,0,0,0,8,4,256,32,0,,,6.34,15,1570,157.7,235,235,False,T256_W32_N8_IU0_CS0_IN0_II4_CLK10,1,1,1483.6,234,234,1521,True,"PP_LOOP,RED_LOOP,SUB_LOOP,SEL_LOOP",True
10,0,1,0,8,0,256,32,0,,,6.34,15,1570,157.7,235,235,False,T256_W32_N8_IU0_CS0_IN1_II0_CLK10,1,1,1483.6,234,234,1521,True,"PP_LOOP,RED_LOOP,SUB_LOOP,SEL_LOOP",True
10,1,0,0,8,0,256,32,0,,,7.069,15,1647,141.5,219,219,False,T256_W32_N8_IU0_CS1_IN0_II0_CLK10,2,1,1541.0,218,218,2103,True,"PP_LOOP,RED_LOOP",True
10,1,0,0,8,2,256,32,0,,,7.069,15,1647,141.5,219,219,False,T256_W32_N8_IU0_CS1_IN0_II2_CLK10,2,1,1541.0,218,218,2103,True,"PP_LOOP,RED_LOOP",True
10,0,1,0,8,2,256,32,0,,,6.34,15,1570,157.7,235,235,False,T256_W32_N8_IU0_CS0_IN1_II2_CLK10,1,1,1483.6,234,234,1521,True,"PP_LOOP,RED_LOOP,SUB_LOOP,SEL_LOOP",True
10,0,1,0,8,4,256,32,0,,,6.34,15,1570,157.7,235,235,False,T256_W32_N8_IU0_CS0_IN1_II4_CLK10,1,1,1483.6,234,234,1521,True,"PP_LOOP,RED_LOOP,SUB_LOOP,SEL_LOOP",True
10,1,0,0,8,4,256,32,0,,,7.069,15,1647,141.5,219,219,False,T256_W32_N8_IU0_CS1_IN0_II4_CLK10,2,1,1541.0,218,218,2103,True,"PP_LOOP,RED_LOOP",True
10,1,1,0,8,4,256,32,0,,,7.069,15,1647,141.5,219,219,False,T256_W32_N8_IU0_CS1_IN1_II4_CLK10,2,1,1541.0,218,218,2103,True,"PP_LOOP,RED_LOOP",True
10,1,1,0,8,0,256,32,0,,,7.069,15,1647,141.5,219,219,False,T256_W32_N8_IU0_CS1_IN1_II0_CLK10,2,1,1541.0,218,218,2103,True,"PP_LOOP,RED_LOOP",True
10,1,1,0,8,2,256,32,0,,,7.069,15,1647,141.5,219,219,False,T256_W32_N8_IU0_CS1_IN1_II2_CLK10,2,1,1541.0,218,218,2103,True,"PP_LOOP,RED_LOOP",True
10,0,0,2,8,0,256,32,0,6,2,7.224,39,2422,138.4,52,52,True,T256_W32_N8_IU2_CS0_IN0_II0_CLK10,1,1,368.4,51,51,2943,True,"CIOS_LOOP,SUB_LOOP,SEL_LOOP",True
10,0,0,2,8,2,256,32,0,6,2,7.228,39,2453,138.4,52,52,False,T256_W32_N8_IU2_CS0_IN0_II2_CLK10,1,1,368.6,51,51,2943,True,"CIOS_LOOP,SUB_LOOP,SEL_LOOP",True
10,0,1,2,8,0,256,32,0,6,2,7.224,39,2422,138.4,52,52,True,T256_W32_N8_IU2_CS0_IN1_II0_CLK10,1,1,368.4,51,51,2943,True,"CIOS_LOOP,SUB_LOOP,SEL_LOOP",True
10,0,0,2,8,4,256,32,0,6,4,7.228,23,2482,138.4,66,66,False,T256_W32_N8_IU2_CS0_IN0_II4_CLK10,1,1,469.8,65,65,2894,True,"CIOS_LOOP,SUB_LOOP,SEL_LOOP",True
10,0,1,2,8,2,256,32,0,6,2,7.228,39,2453,138.4,52,52,False,T256_W32_N8_IU2_CS0_IN1_II2_CLK10,1,1,368.6,51,51,2943,True,"CIOS_LOOP,SUB_LOOP,SEL_LOOP",True
10,1,0,2,8,0,256,32,0,6,2,7.224,39,2305,138.4,32,32,True,T256_W32_N8_IU2_CS1_IN0_II0_CLK10,6,2,223.9,31,31,3436,True,CIOS_LOOP,True
10,1,0,2,8,2,256,32,0,6,2,7.228,39,2336,138.4,32,32,False,T256_W32_N8_IU2_CS1_IN0_II2_CLK10,6,2,224.1,31,31,3436,True,CIOS_LOOP,True
10,0,1,2,8,4,256,32,0,6,4,7.228,23,2482,138.4,66,66,False,T256_W32_N8_IU2_CS0_IN1_II4_CLK10,1,1,469.8,65,65,2894,True,"CIOS_LOOP,SUB_LOOP,SEL_LOOP",True
10,1,0,2,8,4,256,32,0,6,4,7.228,23,2365,138.4,46,46,False,T256_W32_N8_IU2_CS1_IN0_II4_CLK10,6,4,325.3,45,45,3387,True,CIOS_LOOP,True
10,1,1,2,8,2,256,32,0,6,2,7.228,39,2336,138.4,32,32,False,T256_W32_N8_IU2_CS1_IN1_II2_CLK10,6,2,224.1,31,31,3436,True,CIOS_LOOP,True
10,1,1,2,8,0,256,32,0,6,2,7.224,39,2305,138.4,32,32,True,T256_W32_N8_IU2_CS1_IN1_II0_CLK10,6,2,223.9,31,31,3436,True,CIOS_LOOP,True
10,1,1,2,8,4,256,32,0,6,4,7.228,23,2365,138.4,46,46,False,T256_W32_N8_IU2_CS1_IN1_II4_CLK10,6,4,325.3,45,45,3387,True,CIOS_LOOP,True
10,0,0,4,8,2,256,32,0,6,2,7.228,39,2453,138.4,52,52,False,T256_W32_N8_IU4_CS0_IN0_II2_CLK10,1,1,368.6,51,51,2943,True,"CIOS_LOOP,SUB_LOOP,SEL_LOOP",True
10,0,0,4,8,0,256,32,0,6,2,7.224,39,2422,138.4,52,52,True,T256_W32_N8_IU4_CS0_IN0_II0_CLK10,1,1,368.4,51,51,2943,True,"CIOS_LOOP,SUB_LOOP,SEL_LOOP",True
10,0,1,4,8,0,256,32,0,6,2,7.224,39,2422,138.4,52,52,True,T256_W32_N8_IU4_CS0_IN1_II0_CLK10,1,1,368.4,51,51,2943,True,"CIOS_LOOP,SUB_LOOP,SEL_LOOP",True
10,0,0,4,8,4,256,32,0,6,4,7.228,23,2482,138.4,66,66,False,T256_W32_N8_IU4_CS0_IN0_II4_CLK10,1,1,469.8,65,65,2894,True,"CIOS_LOOP,SUB_LOOP,SEL_LOOP",True
10,1,0,4,8,2,256,32,0,6,2,7.228,39,2336,138.4,32,32,False,T256_W32_N8_IU4_CS1_IN0_II2_CLK10,6,2,224.1,31,31,3436,True,CIOS_LOOP,True
10,1,0,4,8,0,256,32,0,6,2,7.224,39,2305,138.4,32,32,True,T256_W32_N8_IU4_CS1_IN0_II0_CLK10,6,2,223.9,31,31,3436,True,CIOS_LOOP,True
10,0,1,4,8,2,256,32,0,6,2,7.228,39,2453,138.4,52,52,False,T256_W32_N8_IU4_CS0_IN1_II2_CLK10,1,1,368.6,51,51,2943,True,"CIOS_LOOP,SUB_LOOP,SEL_LOOP",True
10,0,1,4,8,4,256,32,0,6,4,7.228,23,2482,138.4,66,66,False,T256_W32_N8_IU4_CS0_IN1_II4_CLK10,1,1,469.8,65,65,2894,True,"CIOS_LOOP,SUB_LOOP,SEL_LOOP",True
10,1,1,4,8,0,256,32,0,6,2,7.224,39,2305,138.4,32,32,True,T256_W32_N8_IU4_CS1_IN1_II0_CLK10,6,2,223.9,31,31,3436,True,CIOS_LOOP,True
10,1,0,4,8,4,256,32,0,6,4,7.228,23,2365,138.4,46,46,False,T256_W32_N8_IU4_CS1_IN0_II4_CLK10,6,4,325.3,45,45,3387,True,CIOS_LOOP,True
10,1,1,4,8,2,256,32,0,6,2,7.228,39,2336,138.4,32,32,False,T256_W32_N8_IU4_CS1_IN1_II2_CLK10,6,2,224.1,31,31,3436,True,CIOS_LOOP,True
10,1,1,4,8,4,256,32,0,6,4,7.228,23,2365,138.4,46,46,False,T256_W32_N8_IU4_CS1_IN1_II4_CLK10,6,4,325.3,45,45,3387,True,CIOS_LOOP,True
10,0,0,8,8,2,256,32,0,6,2,7.228,39,2453,138.4,52,52,False,T256_W32_N8_IU8_CS0_IN0_II2_CLK10,1,1,368.6,51,51,2943,True,"CIOS_LOOP,SUB_LOOP,SEL_LOOP",True
10,0,0,8,8,0,256,32,0,6,2,7.224,39,2422,138.4,52,52,True,T256_W32_N8_IU8_CS0_IN0_II0_CLK10,1,1,368.4,51,51,2943,True,"CIOS_LOOP,SUB_LOOP,SEL_LOOP",True
10,0,0,8,8,4,256,32,0,6,4,7.228,23,2482,138.4,66,66,False,T256_W32_N8_IU8_CS0_IN0_II4_CLK10,1,1,469.8,65,65,2894,True,"CIOS_LOOP,SUB_LOOP,SEL_LOOP",True
10,0,1,8,8,0,256,32,0,6,2,7.224,39,2422,138.4,52,52,True,T256_W32_N8_IU8_CS0_IN1_II0_CLK10,1,1,368.4,51,51,2943,True,"CIOS_LOOP,SUB_LOOP,SEL_LOOP",True
10,1,0,8,8,2,256,32,0,6,2,7.228,39,2336,138.4,32,32,False,T256_W32_N8_IU8_CS1_IN0_II2_CLK10,6,2,224.1,31,31,3436,True,CIOS_LOOP,True
10,1,0,8,8,0,256,32,0,6,2,7.224,39,2305,138.4,32,32,True,T256_W32_N8_IU8_CS1_IN0_II0_CLK10,6,2,223.9,31,31,3436,True,CIOS_LOOP,True
10,0,1,8,8,2,256,32,0,6,2,7.228,39,2453,138.4,52,52,False,T256_W32_N8_IU8_CS0_IN1_II2_CLK10,1,1,368.6,51,51,2943,True,"CIOS_LOOP,SUB_LOOP,SEL_LOOP",True
10,0,1,8,8,4,256,32,0,6,4,7.228,23,2482,138.4,66,66,False,T256_W32_N8_IU8_CS0_IN1_II4_CLK10,1,1,469.8,65,65,2894,True,"CIOS_LOOP,SUB_LOOP,SEL_LOOP",True
10,1,1,8,8,0,256,32,0,6,2,7.224,39,2305,138.4,32,32,True,T256_W32_N8_IU8_CS1_IN1_II0_CLK10,6,2,223.9,31,31,3436,True,CIOS_LOOP,True
10,1,0,8,8,4,256,32,0,6,4,7.228,23,2365,138.4,46,46,False,T256_W32_N8_IU8_CS1_IN0_II4_CLK10,6,4,325.3,45,45,3387,True,CIOS_LOOP,True
10,1,1,8,8,2,256,32,0,6,2,7.228,39,2336,138.4,32,32,False,T256_W32_N8_IU8_CS1_IN1_II2_CLK10,6,2,224.1,31,31,3436,True,CIOS_LOOP,True
10,1,1,8,8,4,256,32,0,6,4,7.228,23,2365,138.4,46,46,False,T256_W32_N8_IU8_CS1_IN1_II4_CLK10,6,4,325.3,45,45,3387,True,CIOS_LOOP,True
10,0,0,0,4,2,256,64,0,,,6.598,58,1914,151.6,91,91,False,T256_W64_N4_IU0_CS0_IN0_II2_CLK10,1,1,593.8,90,90,1879,True,"PP_LOOP,RED_LOOP,SUB_LOOP,SEL_LOOP",True
10,0,1,0,4,0,256,64,0,,,6.598,58,1914,151.6,91,91,False,T256_W64_N4_IU0_CS0_IN1_II0_CLK10,1,1,593.8,90,90,1879,True,"PP_LOOP,RED_LOOP,SUB_LOOP,SEL_LOOP",True
10,0,0,0,4,0,256,64,0,,,6.598,58,1914,151.6,91,91,False,T256_W64_N4_IU0_CS0_IN0_II0_CLK10,1,1,593.8,90,90,1879,True,"PP_LOOP,RED_LOOP,SUB_LOOP,SEL_LOOP",True
10,0,0,0,4,4,256,64,0,,,6.598,58,1914,151.6,91,91,False,T256_W64_N4_IU0_CS0_IN0_II4_CLK10,1,1,593.8,90,90,1879,True,"PP_LOOP,RED_LOOP,SUB_LOOP,SEL_LOOP",True
10,1,0,0,4,0,256,64,0,,,6.598,58,1830,151.6,79,79,False,T256_W64_N4_IU0_CS1_IN0_II0_CLK10,2,1,514.6,78,78,2300,True,"PP_LOOP,RED_LOOP",True
10,1,0,0,4,2,256,64,0,,,6.598,58,1830,151.6,79,79,False,T256_W64_N4_IU0_CS1_IN0_II2_CLK10,2,1,514.6,78,78,2300,True,"PP_LOOP,RED_LOOP",True
10,0,1,0,4,4,256,64,0,,,6.598,58,1914,151.6,91,91,False,T256_W64_N4_IU0_CS0_IN1_II4_CLK10,1,1,593.8,90,90,1879,True,"PP_LOOP,RED_LOOP,SUB_LOOP,SEL_LOOP",True
10,0,1,0,4,2,256,64,0,,,6.598,58,1914,151.6,91,91,False,T256_W64_N4_IU0_CS0_IN1_II2_CLK10,1,1,593.8,90,90,1879,True,"PP_LOOP,RED_LOOP,SUB_LOOP,SEL_LOOP",True
10,1,0,0,4,4,256,64,0,,,6.598,58,1830,151.6,79,79,False,T256_W64_N4_IU0_CS1_IN0_II4_CLK10,2,1,514.6,78,78,2300,True,"PP_LOOP,RED_LOOP",True
10,1,1,0,4,0,256,64,0,,,6.598,58,1830,151.6,79,79,False,T256_W64_N4_IU0_CS1_IN1_II0_CLK10,2,1,514.6,78,78,2300,True,"PP_LOOP,RED_LOOP",True
10,1,1,0,4,2,256,64,0,,,6.598,58,1830,151.6,79,79,False,T256_W64_N4_IU0_CS1_IN1_II2_CLK10,2,1,514.6,78,78,2300,True,"PP_LOOP,RED_LOOP",True
10,1,1,0,4,4,256,64,0,,,6.598,58,1830,151.6,79,79,False,T256_W64_N4_IU0_CS1_IN1_II4_CLK10,2,1,514.6,78,78,2300,True,"PP_LOOP,RED_LOOP",True
10,0,0,1,4,2,256,64,0,6,2,8.958,106,2797,111.6,34,34,False,T256_W64_N4_IU1_CS0_IN0_II2_CLK10,1,1,295.6,33,33,2756,True,"CIOS_LOOP,SUB_LOOP,SEL_LOOP",False
10,0,0,1,4,0,256,64,0,7,3,7.074,58,2992,141.4,38,38,True,T256_W64_N4_IU1_CS0_IN0_II0_CLK10,1,1,261.7,37,37,2697,True,"CIOS_LOOP,SUB_LOOP,SEL_LOOP",True
10,0,1,1,4,0,256,64,0,7,3,7.074,58,2992,141.4,38,38,True,T256_W64_N4_IU1_CS0_IN1_II0_CLK10,1,1,261.7,37,37,2697,True,"CIOS_LOOP,SUB_LOOP,SEL_LOOP",True
10,0,0,1,4,4,256,64,0,6,4,7.172,58,2796,139.4,40,40,False,T256_W64_N4_IU1_CS0_IN0_II4_CLK10,1,1,279.7,39,39,2694,True,"CIOS_LOOP,SUB_LOOP,SEL_LOOP",True
10,1,0,1,4,0,256,64,0,7,3,7.074,58,2780,141.4,24,24,True,T256_W64_N4_IU1_CS1_IN0_II0_CLK10,7,3,162.7,23,23,3064,True,CIOS_LOOP,True
10,1,0,1,4,2,256,64,0,6,2,8.958,106,2585,111.6,20,20,False,T256_W64_N4_IU1_CS1_IN0_II2_CLK10,6,2,170.2,19,19,3123,True,CIOS_LOOP,False
10,0,1,1,4,4,256,64,0,6,4,7.172,58,2796,139.4,40,40,False,T256_W64_N4_IU1_CS0_IN1_II4_CLK10,1,1,279.7,39,39,2694,True,"CIOS_LOOP,SUB_LOOP,SEL_LOOP",True
10,0,1,1,4,2,256,64,0,6,2,8.958,106,2797,111.6,34,34,False,T256_W64_N4_IU1_CS0_IN1_II2_CLK10,1,1,295.6,33,33,2756,True,"CIOS_LOOP,SUB_LOOP,SEL_LOOP",False
10,1,0,1,4,4,256,64,0,6,4,7.172,58,2584,139.4,26,26,False,T256_W64_N4_IU1_CS1_IN0_II4_CLK10,6,4,179.3,25,25,3061,True,CIOS_LOOP,True
10,1,1,1,4,4,256,64,0,6,4,7.172,58,2584,139.4,26,26,False,T256_W64_N4_IU1_CS1_IN1_II4_CLK10,6,4,179.3,25,25,3061,True,CIOS_LOOP,True
10,1,1,1,4,0,256,64,0,7,3,7.074,58,2780,141.4,24,24,True,T256_W64_N4_IU1_CS1_IN1_II0_CLK10,7,3,162.7,23,23,3064,True,CIOS_LOOP,True
10,1,1,1,4,2,256,64,0,6,2,8.958,106,2585,111.6,20,20,False,T256_W64_N4_IU1_CS1_IN1_II2_CLK10,6,2,170.2,19,19,3123,True,CIOS_LOOP,False
10,0,0,2,4,0,256,64,0,7,3,7.074,58,2992,141.4,38,38,True,T256_W64_N4_IU2_CS0_IN0_II0_CLK10,1,1,261.7,37,37,2697,True,"CIOS_LOOP,SUB_LOOP,SEL_LOOP",True
10,0,0,2,4,2,256,64,0,6,2,8.958,106,2797,111.6,34,34,False,T256_W64_N4_IU2_CS0_IN0_II2_CLK10,1,1,295.6,33,33,2756,True,"CIOS_LOOP,SUB_LOOP,SEL_LOOP",False
10,0,0,2,4,4,256,64,0,6,4,7.172,58,2796,139.4,40,40,False,T256_W64_N4_IU2_CS0_IN0_II4_CLK10,1,1,279.7,39,39,2694,True,"CIOS_LOOP,SUB_LOOP,SEL_LOOP",True
10,0,1,2,4,0,256,64,0,7,3,7.074,58,2992,141.4,38,38,True,T256_W64_N4_IU2_CS0_IN1_II0_CLK10,1,1,261.7,37,37,2697,True,"CIOS_LOOP,SUB_LOOP,SEL_LOOP",True
10,1,0,2,4,0,256,64,0,7,3,7.074,58,2780,141.4,24,24,True,T256_W64_N4_IU2_CS1_IN0_II0_CLK10,7,3,162.7,23,23,3064,True,CIOS_LOOP,True
10,1,0,2,4,2,256,64,0,6,2,8.958,106,2585,111.6,20,20,False,T256_W64_N4_IU2_CS1_IN0_II2_CLK10,6,2,170.2,19,19,3123,True,CIOS_LOOP,False
10,0,1,2,4,2,256,64,0,6,2,8.958,106,2797,111.6,34,34,False,T256_W64_N4_IU2_CS0_IN1_II2_CLK10,1,1,295.6,33,33,2756,True,"CIOS_LOOP,SUB_LOOP,SEL_LOOP",False
10,0,1,2,4,4,256,64,0,6,4,7.172,58,2796,139.4,40,40,False,T256_W64_N4_IU2_CS0_IN1_II4_CLK10,1,1,279.7,39,39,2694,True,"CIOS_LOOP,SUB_LOOP,SEL_LOOP",True
10,1,0,2,4,4,256,64,0,6,4,7.172,58,2584,139.4,26,26,False,T256_W64_N4_IU2_CS1_IN0_II4_CLK10,6,4,179.3,25,25,3061,True,CIOS_LOOP,True
10,1,1,2,4,2,256,64,0,6,2,8.958,106,2585,111.6,20,20,False,T256_W64_N4_IU2_CS1_IN1_II2_CLK10,6,2,170.2,19,19,3123,True,CIOS_LOOP,False
10,1,1,2,4,4,256,64,0,6,4,7.172,58,2584,139.4,26,26,False,T256_W64_N4_IU2_CS1_IN1_II4_CLK10,6,4,179.3,25,25,3061,True,CIOS_LOOP,True
10,1,1,2,4,0,256,64,0,7,3,7.074,58,2780,141.4,24,24,True,T256_W64_N4_IU2_CS1_IN1_II0_CLK10,7,3,162.7,23,23,3064,True,CIOS_LOOP,True
10,0,0,4,4,0,256,64,0,7,3,7.074,58,2992,141.4,38,38,True,T256_W64_N4_IU4_CS0_IN0_II0_CLK10,1,1,261.7,37,37,2697,True,"CIOS_LOOP,SUB_LOOP,SEL_LOOP",True
10,0,0,4,4,2,256,64,0,6,2,8.958,106,2797,111.6,34,34,False,T256_W64_N4_IU4_CS0_IN0_II2_CLK10,1,1,295.6,33,33,2756,True,"CIOS_LOOP,SUB_LOOP,SEL_LOOP",False
10,0,0,4,4,4,256,64,0,6,4,7.172,58,2796,139.4,40,40,False,T256_W64_N4_IU4_CS0_IN0_II4_CLK10,1,1,279.7,39,39,2694,True,"CIOS_LOOP,SUB_LOOP,SEL_LOOP",True
10,0,1,4,4,0,256,64,0,7,3,7.074,58,2992,141.4,38,38,True,T256_W64_N4_IU4_CS0_IN1_II0_CLK10,1,1,261.7,37,37,2697,True,"CIOS_LOOP,SUB_LOOP,SEL_LOOP",True
10,0,1,4,4,2,256,64,0,6,2,8.958,106,2797,111.6,34,34,False,T256_W64_N4_IU4_CS0_IN1_II2_CLK10,1,1,295.6,33,33,2756,True,"CIOS_LOOP,SUB_LOOP,SEL_LOOP",False
10,1,0,4,4,2,256,64,0,6,2,8.958,106,2585,111.6,20,20,False,T256_W64_N4_IU4_CS1_IN0_II2_CLK10,6,2,170.2,19,19,3123,True,CIOS_LOOP,False
10,1,0,4,4,0,256,64,0,7,3,7.074,58,2780,141.4,24,24,True,T256_W64_N4_IU4_CS1_IN0_II0_CLK10,7,3,162.7,23,23,3064,True,CIOS_LOOP,True
10,0,1,4,4,4,256,64,0,6,4,7.172,58,2796,139.4,40,40,False,T256_W64_N4_IU4_CS0_IN1_II4_CLK10,1,1,279.7,39,39,2694,True,"CIOS_LOOP,SUB_LOOP,SEL_LOOP",True
10,1,0,4,4,4,256,64,0,6,4,7.172,58,2584,139.4,26,26,False,T256_W64_N4_IU4_CS1_IN0_II4_CLK10,6,4,179.3,25,25,3061,True,CIOS_LOOP,True
10,1,1,4,4,0,256,64,0,7,3,7.074,58,2780,141.4,24,24,True,T256_W64_N4_IU4_CS1_IN1_II0_CLK10,7,3,162.7,23,23,3064,True,CIOS_LOOP,True
10,1,1,4,4,2,256,64,0,6,2,8.958,106,2585,111.6,20,20,False,T256_W64_N4_IU4_CS1_IN1_II2_CLK10,6,2,170.2,19,19,3123,True,CIOS_LOOP,False
10,1,1,4,4,4,256,64,0,6,4,7.172,58,2584,139.4,26,26,False,T256_W64_N4_IU4_CS1_IN1_II4_CLK10,6,4,179.3,25,25,3061,True,CIOS_LOOP,True
